"station_id","line_mode","station_label","latitude","longitude","official_line_source_url","coordinate_review_map_url","verification_status","review_note","coordinate_evidence_source_url"
"kadikoy","M4 Metro","Kadıköy M4","40.99017","29.02170","https://www.metro.istanbul/Hatlarimiz/HatDetay?hat=M4","https://www.openstreetmap.org/?mlat=40.99017&mlon=29.0217#map=18/40.99017/29.0217","CROSS_CHECKED_NONOFFICIAL_SOURCE_CLOSE_MATCH","DailyMetro harita/katalog koordinatı 40.99020, 29.02150; mevcut değerle yaklaşık 17 m fark. Yakın eşleşme; kaynak işletmeci değil, resmî koordinat teyidi bekliyor.","https://dailymetro.live/istanbul/station/kad-koy"
"ayrilik","M4 Metro","Ayrılık Çeşmesi M4","40.99990","29.02985","https://www.metro.istanbul/Hatlarimiz/HatDetay?hat=M4","https://www.openstreetmap.org/?mlat=40.9999&mlon=29.02985#map=18/40.9999/29.02985","CROSS_CHECKED_NONOFFICIAL_SOURCE_VARIANCE_REVIEW","DailyMetro 41.00025, 29.03017; mevcut değerle yaklaşık 47 m fark. İstasyon/çıkış/harita temsil noktası farkı olabilir; kesin yanlış ilan edilmedi, resmî teyit gerekli.","https://dailymetro.live/istanbul/station/ayr-l-k-cesmesi"
"acibadem","M4 Metro","Acıbadem M4","41.00155","29.04559","https://www.metro.istanbul/Hatlarimiz/HatDetay?hat=M4","https://www.openstreetmap.org/?mlat=41.00155&mlon=29.04559#map=18/41.00155/29.04559","COORDINATE_VARIANCE_REVIEW_REQUIRED","DailyMetro 41.00235, 29.04440; mevcut değerle yaklaşık 134 m fark. Harita/katalog kaynakları arasında belirgin sapma; uygulama koordinatı değiştirilmedi, istasyon girişi/platform noktası karşılaştırılmalı.","https://dailymetro.live/istanbul/en/station/ac-badem"
"unalan","M4 Metro","Ünalan M4","40.99725","29.05952","https://www.metro.istanbul/Hatlarimiz/HatDetay?hat=M4","https://www.openstreetmap.org/?mlat=40.99725&mlon=29.05952#map=18/40.99725/29.05952","COORDINATE_VARIANCE_REVIEW_REQUIRED","DailyMetro 40.99808, 29.06021; mevcut değerle yaklaşık 109 m fark. Belirgin sapma; uygulama koordinatı değiştirilmedi, giriş/platform temsil noktası karşılaştırılmalı.","https://dailymetro.live/istanbul/station/unalan"
"goztepe","M4 Metro","Göztepe M4","40.99401","29.07058","https://www.metro.istanbul/Hatlarimiz/HatDetay?hat=M4","https://www.openstreetmap.org/?mlat=40.99401&mlon=29.07058#map=18/40.99401/29.07058","CROSS_CHECKED_NONOFFICIAL_SOURCE_CLOSE_MATCH","DailyMetro 40.99405, 29.07068; mevcut değerle yaklaşık 9 m fark. Yakın eşleşme; koordinat işletmeci tarafından yayımlanmış değil.","https://dailymetro.live/istanbul/station/goztepe"
"yenisahra","M4 Metro","Yenisahra M4","40.98461","29.09038","https://www.metro.istanbul/Hatlarimiz/HatDetay?hat=M4","https://www.openstreetmap.org/?mlat=40.98461&mlon=29.09038#map=18/40.98461/29.09038","CROSS_CHECKED_NONOFFICIAL_SOURCE_CLOSE_MATCH","DailyMetro 40.98458, 29.09047; mevcut değerle yaklaşık 8 m fark. Yakın eşleşme; koordinat işletmeci tarafından yayımlanmış değil.","https://dailymetro.live/istanbul/station/yenisahra"
"kozyatagi","M4 Metro","Kozyatağı M4","40.97450","29.10007","https://www.metro.istanbul/Hatlarimiz/HatDetay?hat=M4","https://www.openstreetmap.org/?mlat=40.9745&mlon=29.10007#map=18/40.9745/29.10007","COORDINATE_VARIANCE_REVIEW_REQUIRED","DailyMetro istasyon noktası 40.97539, 29.09968; mevcut değerle yaklaşık 104 m fark. M4/M8 aktarma kompleksi olduğundan nokta seçimi farklı olabilir; resmî harita/çıkış koordinatıyla teyit gerekli.","https://dailymetro.live/istanbul/station/kozyatag"
"bostanci","M4 Metro","Bostancı M4","40.96459","29.10476","https://www.metro.istanbul/Hatlarimiz/HatDetay?hat=M4","https://www.openstreetmap.org/?mlat=40.96459&mlon=29.10476#map=18/40.96459/29.10476","CROSS_CHECKED_NONOFFICIAL_SOURCE_VARIANCE_REVIEW","DailyMetro 40.96479, 29.10537; mevcut değerle yaklaşık 56 m fark. Orta ölçekli sapma; istasyon temsil noktası/giriş ayrımı resmî haritayla kontrol edilmeli.","https://dailymetro.live/istanbul/en/station/bostanc-m4"
"maltepe_hub","M4 Metro","Maltepe M4","40.93566","29.13967","https://www.metro.istanbul/Hatlarimiz/HatDetay?hat=M4","https://www.openstreetmap.org/?mlat=40.93566&mlon=29.13967#map=18/40.93566/29.13967","CROSS_CHECKED_NONOFFICIAL_SOURCE_CLOSE_MATCH","DailyMetro 40.93579, 29.13949; mevcut değerle yaklaşık 21 m fark. Yakın eşleşme; koordinat işletmeci tarafından yayımlanmış değil.","https://dailymetro.live/istanbul/en/station/maltepe"
"kartal_hub","M4 Metro","Kartal M4","40.90664","29.21106","https://www.metro.istanbul/Hatlarimiz/HatDetay?hat=M4","https://www.openstreetmap.org/?mlat=40.90664&mlon=29.21106#map=18/40.90664/29.21106","PENDING_INDEPENDENT_COORDINATE_CHECK","Koordinat uygulamanın mevcut statik kaydından çıkarıldı; harita bağlantısı yalnızca görsel inceleme içindir, koordinat kaynağını kanıtlamaz. İstasyonun gerçek giriş/konum noktası ile hat üzerindeki temsil noktası ayrıştırılmalı.",""
"pendik","M4 Metro","Pendik M4","40.88839","29.23817","https://www.metro.istanbul/Hatlarimiz/HatDetay?hat=M4","https://www.openstreetmap.org/?mlat=40.88839&mlon=29.23817#map=18/40.88839/29.23817","CROSS_CHECKED_NONOFFICIAL_SOURCE_CLOSE_MATCH","DailyMetro 40.88865, 29.23859; mevcut değerle yaklaşık 46 m fark. Yakın eşleşme; resmî koordinat teyidi bekliyor.","https://dailymetro.live/istanbul/station/pendik"
"pendik","Marmaray","Pendik Marmaray","40.88016","29.23162","https://marmaray.gov.tr/","https://www.openstreetmap.org/?mlat=40.88016&mlon=29.23162#map=18/40.88016/29.23162","PENDING_INDEPENDENT_COORDINATE_CHECK","Koordinat uygulamanın mevcut statik kaydından çıkarıldı; harita bağlantısı yalnızca görsel inceleme içindir, koordinat kaynağını kanıtlamaz.",""
"yunus_m","Marmaray","Yunus Marmaray","40.87620","29.22150","https://marmaray.gov.tr/","https://www.openstreetmap.org/?mlat=40.8762&mlon=29.2215#map=18/40.8762/29.2215","PENDING_INDEPENDENT_COORDINATE_CHECK","Koordinat uygulamanın mevcut statik kaydından çıkarıldı; harita bağlantısı yalnızca görsel inceleme içindir, koordinat kaynağını kanıtlamaz.",""
"kaynarca_m","Marmaray","Kaynarca Marmaray","40.86510","29.23250","https://marmaray.gov.tr/","https://www.openstreetmap.org/?mlat=40.8651&mlon=29.2325#map=18/40.8651/29.2325","PENDING_INDEPENDENT_COORDINATE_CHECK","Koordinat uygulamanın mevcut statik kaydından çıkarıldı; harita bağlantısı yalnızca görsel inceleme içindir, koordinat kaynağını kanıtlamaz.",""
"kartal_hub","Marmaray","Kartal Marmaray","40.88560","29.20840","https://marmaray.gov.tr/","https://www.openstreetmap.org/?mlat=40.8856&mlon=29.2084#map=18/40.8856/29.2084","PENDING_INDEPENDENT_COORDINATE_CHECK","Koordinat uygulamanın mevcut statik kaydından çıkarıldı; harita bağlantısı yalnızca görsel inceleme içindir, koordinat kaynağını kanıtlamaz.",""
"bostanci","Marmaray","Bostancı Marmaray","40.95350","29.09640","https://marmaray.gov.tr/","https://www.openstreetmap.org/?mlat=40.9535&mlon=29.0964#map=18/40.9535/29.0964","PENDING_INDEPENDENT_COORDINATE_CHECK","Koordinat uygulamanın mevcut statik kaydından çıkarıldı; harita bağlantısı yalnızca görsel inceleme içindir, koordinat kaynağını kanıtlamaz.",""
"suadiye_m","Marmaray","Suadiye Marmaray","40.96580","29.08510","https://marmaray.gov.tr/","https://www.openstreetmap.org/?mlat=40.9658&mlon=29.0851#map=18/40.9658/29.0851","PENDING_INDEPENDENT_COORDINATE_CHECK","Koordinat uygulamanın mevcut statik kaydından çıkarıldı; harita bağlantısı yalnızca görsel inceleme içindir, koordinat kaynağını kanıtlamaz.",""
"erenkoy_m","Marmaray","Erenköy Marmaray","40.97167","29.07638","https://marmaray.gov.tr/","https://www.openstreetmap.org/?mlat=40.97167&mlon=29.07638#map=18/40.97167/29.07638","PENDING_INDEPENDENT_COORDINATE_CHECK","Koordinat uygulamanın mevcut statik kaydından çıkarıldı; harita bağlantısı yalnızca görsel inceleme içindir, koordinat kaynağını kanıtlamaz.",""
"goztepe_m","Marmaray","Göztepe Marmaray","40.97907","29.06175","https://marmaray.gov.tr/","https://www.openstreetmap.org/?mlat=40.97907&mlon=29.06175#map=18/40.97907/29.06175","PENDING_INDEPENDENT_COORDINATE_CHECK","Koordinat uygulamanın mevcut statik kaydından çıkarıldı; harita bağlantısı yalnızca görsel inceleme içindir, koordinat kaynağını kanıtlamaz.",""
"feneryolu_m","Marmaray","Feneryolu Marmaray","40.98350","29.04680","https://marmaray.gov.tr/","https://www.openstreetmap.org/?mlat=40.9835&mlon=29.0468#map=18/40.9835/29.0468","PENDING_INDEPENDENT_COORDINATE_CHECK","Koordinat uygulamanın mevcut statik kaydından çıkarıldı; harita bağlantısı yalnızca görsel inceleme içindir, koordinat kaynağını kanıtlamaz.",""
"sogutlucesme","Marmaray","Söğütlüçeşme Marmaray","40.99020","29.03810","https://marmaray.gov.tr/","https://www.openstreetmap.org/?mlat=40.9902&mlon=29.0381#map=18/40.9902/29.0381","PENDING_INDEPENDENT_COORDINATE_CHECK","Koordinat uygulamanın mevcut statik kaydından çıkarıldı; harita bağlantısı yalnızca görsel inceleme içindir, koordinat kaynağını kanıtlamaz.",""
"ayrilik","Marmaray","Ayrılık Çeşmesi Marmaray","40.99990","29.02985","https://marmaray.gov.tr/","https://www.openstreetmap.org/?mlat=40.9999&mlon=29.02985#map=18/40.9999/29.02985","PENDING_INDEPENDENT_COORDINATE_CHECK","Koordinat uygulamanın mevcut statik kaydından çıkarıldı; harita bağlantısı yalnızca görsel inceleme içindir, koordinat kaynağını kanıtlamaz.",""
"uskudar","Marmaray","Üsküdar Marmaray","41.02550","29.01370","https://marmaray.gov.tr/","https://www.openstreetmap.org/?mlat=41.0255&mlon=29.0137#map=18/41.0255/29.0137","CROSS_CHECKED_NONOFFICIAL_SOURCE_VARIANCE_REVIEW","DailyMetro M5 kompleksi 41.02533, 29.01276; mevcut değerle yaklaşık 81 m fark. Marmaray ve M5 kayıtlarının aynı koordinatı paylaşması tek düğüm için kabul edilebilir olabilir; ayrı platform/erişim noktaları amaçlanıyorsa koordinat farkı belirlenmeli.","https://dailymetro.live/istanbul/station/uskudar"
"yenikapi","Marmaray","Yenikapı Marmaray","41.00530","28.95160","https://marmaray.gov.tr/","https://www.openstreetmap.org/?mlat=41.0053&mlon=28.9516#map=18/41.0053/28.9516","CROSS_CHECKED_NONOFFICIAL_SOURCE_CLOSE_MATCH","Mapcarta/OpenStreetMap 41.00516, 28.95156; mevcut değerle yaklaşık 16 m fark. Yakın eşleşme; M2/Marmaray kayıtları aynı koordinatı paylaşıyor, platform/aktarma düğümü temsil noktası ayrıca değerlendirilmeli.","https://mapcarta.com/N2511296163"
"sabiha","M4 Metro","Sabiha Gökçen M4","40.90715","29.31593","https://www.metro.istanbul/Hatlarimiz/HatDetay?hat=M4","https://www.openstreetmap.org/?mlat=40.90715&mlon=29.31593#map=18/40.90715/29.31593","COORDINATE_VARIANCE_REVIEW_REQUIRED","DailyMetro 40.90647, 29.31136; mevcut değerle yaklaşık 391 m fark. Yaklaşık yüzlerce metrelik sapma; havalimanı girişi ile metro istasyonu/platform konumu karışmış olabilir. Uygulama koordinatı değiştirilmedi.","https://dailymetro.live/istanbul/station/sabiha-gokcen-havaliman"
"uskudar","M5 Metro","Üsküdar M5","41.02550","29.01370","https://www.metro.istanbul/Hatlarimiz/HatDetay?hat=M5","https://www.openstreetmap.org/?mlat=41.0255&mlon=29.0137#map=18/41.0255/29.0137","CROSS_CHECKED_NONOFFICIAL_SOURCE_VARIANCE_REVIEW","DailyMetro M5 istasyon noktası 41.02533, 29.01276; mevcut değerle yaklaşık 81 m fark. M5/Marmaray ortak kompleksinde nokta seçimi farklı olabilir; ayrı satırlar aynı koordinatı paylaştığı için ayrıca kontrol gerekli.","https://dailymetro.live/istanbul/station/uskudar"
"altunizade","M5 Metro","Altunizade M5","41.02190","29.04610","https://www.metro.istanbul/Hatlarimiz/HatDetay?hat=M5","https://www.openstreetmap.org/?mlat=41.0219&mlon=29.0461#map=18/41.0219/29.0461","PENDING_INDEPENDENT_COORDINATE_CHECK","Koordinat uygulamanın mevcut statik kaydından çıkarıldı; harita bağlantısı yalnızca görsel inceleme içindir, koordinat kaynağını kanıtlamaz.",""
"umraniye","M5 Metro","Ümraniye M5","41.02670","29.10630","https://www.metro.istanbul/Hatlarimiz/HatDetay?hat=M5","https://www.openstreetmap.org/?mlat=41.0267&mlon=29.1063#map=18/41.0267/29.1063","PENDING_INDEPENDENT_COORDINATE_CHECK","Koordinat uygulamanın mevcut statik kaydından çıkarıldı; harita bağlantısı yalnızca görsel inceleme içindir, koordinat kaynağını kanıtlamaz.",""
"dudullu","M5 Metro","Dudullu M5","41.00180","29.15320","https://www.metro.istanbul/Hatlarimiz/HatDetay?hat=M5","https://www.openstreetmap.org/?mlat=41.0018&mlon=29.1532#map=18/41.0018/29.1532","PENDING_INDEPENDENT_COORDINATE_CHECK","Koordinat uygulamanın mevcut statik kaydından çıkarıldı; harita bağlantısı yalnızca görsel inceleme içindir, koordinat kaynağını kanıtlamaz.",""
"cekmekoy","M5 Metro","Çekmeköy M5","41.02800","29.17580","https://www.metro.istanbul/Hatlarimiz/HatDetay?hat=M5","https://www.openstreetmap.org/?mlat=41.028&mlon=29.1758#map=18/41.028/29.1758","PENDING_INDEPENDENT_COORDINATE_CHECK","Koordinat uygulamanın mevcut statik kaydından çıkarıldı; harita bağlantısı yalnızca görsel inceleme içindir, koordinat kaynağını kanıtlamaz.",""
"yenikapi","M2 Metro","Yenikapı M2","41.00530","28.95160","https://www.metro.istanbul/Hatlarimiz/HatDetay?hat=M2","https://www.openstreetmap.org/?mlat=41.0053&mlon=28.9516#map=18/41.0053/28.9516","CROSS_CHECKED_NONOFFICIAL_SOURCE_VARIANCE_REVIEW","Mapcarta/OpenStreetMap Marmaray istasyon noktası 41.00516, 28.95156; mevcut değerle yaklaşık 16 m fark. Aynı aktarma kompleksinde M2/Marmaray kayıtlarının birebir aynı olması temsil noktası açısından ayrıca kontrol edilmeli.","https://mapcarta.com/N2511296163"
"vezneciler","M2 Metro","Vezneciler M2","41.01200","28.95800","https://www.metro.istanbul/Hatlarimiz/HatDetay?hat=M2","https://www.openstreetmap.org/?mlat=41.012&mlon=28.958#map=18/41.012/28.958","PENDING_INDEPENDENT_COORDINATE_CHECK","Koordinat uygulamanın mevcut statik kaydından çıkarıldı; harita bağlantısı yalnızca görsel inceleme içindir, koordinat kaynağını kanıtlamaz.",""
"sishane","M2 Metro","Şişhane M2","41.02800","28.97400","https://www.metro.istanbul/Hatlarimiz/HatDetay?hat=M2","https://www.openstreetmap.org/?mlat=41.028&mlon=28.974#map=18/41.028/28.974","PENDING_INDEPENDENT_COORDINATE_CHECK","Koordinat uygulamanın mevcut statik kaydından çıkarıldı; harita bağlantısı yalnızca görsel inceleme içindir, koordinat kaynağını kanıtlamaz.",""
"taksim","M2 Metro","Taksim M2","41.03690","28.98500","https://www.metro.istanbul/Hatlarimiz/HatDetay?hat=M2","https://www.openstreetmap.org/?mlat=41.0369&mlon=28.985#map=18/41.0369/28.985","PENDING_INDEPENDENT_COORDINATE_CHECK","Koordinat uygulamanın mevcut statik kaydından çıkarıldı; harita bağlantısı yalnızca görsel inceleme içindir, koordinat kaynağını kanıtlamaz.",""
"mecidiyekoy","M2 Metro","Şişli-Mecidiyeköy M2","41.06700","28.99800","https://www.metro.istanbul/Hatlarimiz/HatDetay?hat=M2","https://www.openstreetmap.org/?mlat=41.067&mlon=28.998#map=18/41.067/28.998","PENDING_INDEPENDENT_COORDINATE_CHECK","Koordinat uygulamanın mevcut statik kaydından çıkarıldı; harita bağlantısı yalnızca görsel inceleme içindir, koordinat kaynağını kanıtlamaz.",""
"gayrettepe","M2 Metro","Gayrettepe M2","41.06770","29.01270","https://www.metro.istanbul/Hatlarimiz/HatDetay?hat=M2","https://www.openstreetmap.org/?mlat=41.0677&mlon=29.0127#map=18/41.0677/29.0127","PENDING_INDEPENDENT_COORDINATE_CHECK","Koordinat uygulamanın mevcut statik kaydından çıkarıldı; harita bağlantısı yalnızca görsel inceleme içindir, koordinat kaynağını kanıtlamaz.",""
"levent","M2 Metro","Levent M2","41.08000","29.01000","https://www.metro.istanbul/Hatlarimiz/HatDetay?hat=M2","https://www.openstreetmap.org/?mlat=41.08&mlon=29.01#map=18/41.08/29.01","PENDING_INDEPENDENT_COORDINATE_CHECK","Koordinat uygulamanın mevcut statik kaydından çıkarıldı; harita bağlantısı yalnızca görsel inceleme içindir, koordinat kaynağını kanıtlamaz.",""
"dort_levent","M2 Metro","4. Levent M2","41.08700","29.00800","https://www.metro.istanbul/Hatlarimiz/HatDetay?hat=M2","https://www.openstreetmap.org/?mlat=41.087&mlon=29.008#map=18/41.087/29.008","PENDING_INDEPENDENT_COORDINATE_CHECK","Koordinat uygulamanın mevcut statik kaydından çıkarıldı; harita bağlantısı yalnızca görsel inceleme içindir, koordinat kaynağını kanıtlamaz.",""
"haciosman_hub","M2 Metro","Hacıosman M2","41.13980","29.02940","https://www.metro.istanbul/Hatlarimiz/HatDetay?hat=M2","https://www.openstreetmap.org/?mlat=41.1398&mlon=29.0294#map=18/41.1398/29.0294","PENDING_INDEPENDENT_COORDINATE_CHECK","Koordinat uygulamanın mevcut statik kaydından çıkarıldı; harita bağlantısı yalnızca görsel inceleme içindir, koordinat kaynağını kanıtlamaz.",""
"kagithane_hub","M7 Metro","Kağıthane M7","41.07965","28.97312","https://www.metro.istanbul/Hatlarimiz/HatDetay?hat=M7","https://www.openstreetmap.org/?mlat=41.07965&mlon=28.97312#map=18/41.07965/28.97312","PENDING_INDEPENDENT_COORDINATE_CHECK","Koordinat uygulamanın mevcut statik kaydından çıkarıldı; harita bağlantısı yalnızca görsel inceleme içindir, koordinat kaynağını kanıtlamaz.",""
"kagithane_hub","M11 Metro","Kağıthane M11","41.07965","28.97312","https://www.metro.istanbul/Hatlarimiz/HatDetay?hat=M11","https://www.openstreetmap.org/?mlat=41.07965&mlon=28.97312#map=18/41.07965/28.97312","PENDING_INDEPENDENT_COORDINATE_CHECK","Koordinat uygulamanın mevcut statik kaydından çıkarıldı; harita bağlantısı yalnızca görsel inceleme içindir, koordinat kaynağını kanıtlamaz.",""
"kayasehir_hub","M3 Metro","Kayaşehir M3","41.11833","28.76639","https://www.metro.istanbul/Hatlarimiz/HatDetay?hat=M3","https://www.openstreetmap.org/?mlat=41.11833&mlon=28.76639#map=18/41.11833/28.76639","PENDING_INDEPENDENT_COORDINATE_CHECK","Koordinat uygulamanın mevcut statik kaydından çıkarıldı; harita bağlantısı yalnızca görsel inceleme içindir, koordinat kaynağını kanıtlamaz.",""
"kayasehir_hub","M11 Metro","Kayaşehir M11","41.11833","28.76639","https://www.metro.istanbul/Hatlarimiz/HatDetay?hat=M11","https://www.openstreetmap.org/?mlat=41.11833&mlon=28.76639#map=18/41.11833/28.76639","COORDINATE_VARIANCE_REVIEW_REQUIRED","DailyMetro M11 Kayaşehir noktası 41.11749, 28.76574; mevcut 41.11833, 28.76639 ile yaklaşık 108 m fark. M3 Kayaşehir Merkez ile M11 Kayaşehir istasyonları ayrı olabilir; ortak/yanlış koordinat atamasını resmî haritayla kontrol et.","https://dailymetro.live/istanbul/station/kayasehir"
"olimpiyat","M9 Metro","Olimpiyat M9","41.07954","28.76719","https://www.metro.istanbul/Hatlarimiz/HatDetay?hat=M9","https://www.openstreetmap.org/?mlat=41.07954&mlon=28.76719#map=18/41.07954/28.76719","CROSS_CHECKED_NONOFFICIAL_SOURCE_MATCH","Mevcut koordinat (41.07954, 28.76719) Wikimedia Commons fotoğrafının GPS meta verisi ve diğer harita/katalog kaynaklarıyla yakın eşleşiyor. Hat kimliği M9; Olimpiyatköy M11 istasyonundan ayrı istasyondur.","https://commons.wikimedia.org/wiki/File:M9_Olimpiyat_-_Peron_kat%C4%B1_2026.jpg; https://dailymetro.live/istanbul/station/olimpiyat; https://turkipedia.com/Olimpiyat_%28%C4%B0stanbul_Metrosu%29"
"olimpiyat","M11 Metro","Olimpiyat M11","41.07855","28.76951","https://www.metro.istanbul/Hatlarimiz/HatDetay?hat=M11","https://www.openstreetmap.org/?mlat=41.07855&mlon=28.76951#map=18/41.07855/28.76951","CROSS_CHECKED_COORDINATE_MISMATCH_CONFIRMED","Önceki koordinat (41.05629, 28.77441) Halkalı Stadı M11 ile aynıydı ve Olimpiyatköy ile uyuşmuyordu. Birden fazla harita/Wikimedia kaynağı Olimpiyatköy için yaklaşık 41.07855, 28.76951 veriyor. CSV düzeltildi; uygulama kodu henüz değiştirilmedi. Resmî/işletmeci teyidi ayrıca aranmalı.","https://www.wikidata.org/wiki/Q113516923; https://dailymetro.live/istanbul/en/station/olimpiyatkoy; https://commons.wikimedia.org/wiki/File:M11_Olimpiyatköy_Metro_İstasyonu_21062026_12.jpg"
"halkali_stadi_m11","M11 Metro","Halkalı Stadı M11","41.05629","28.77441","https://www.metro.istanbul/Hatlarimiz/HatDetay?hat=M11","https://www.openstreetmap.org/?mlat=41.05629&mlon=28.77441#map=18/41.05629/28.77441","CROSS_CHECKED_NONOFFICIAL_SOURCE_MATCH","Mevcut 41.05629, 28.77441 değeri birden fazla bağımsız harita/katalog kaynağıyla eşleşiyor. Olimpiyatköy M11 kaydında yanlışlıkla tekrar kullanılmıştı; Olimpiyatköy satırı ayrı koordinatla düzeltildi. Resmî işletmeci koordinat verisi bulunursa son teyit yapılmalı.","https://www.wikidata.org/wiki/Q113518000; https://dailymetro.live/istanbul/en/station/halkal-stad; https://mapcarta.com/N10702895858"
"halkali","M11 Metro","Halkalı M11","41.01991","28.76835","https://www.metro.istanbul/Hatlarimiz/HatDetay?hat=M11","https://www.openstreetmap.org/?mlat=41.01991&mlon=28.76835#map=18/41.01991/28.76835","CROSS_CHECKED_NONOFFICIAL_SOURCE_CLOSE_MATCH","DailyMetro 41.01976, 28.76800; mevcut değerle yaklaşık 34 m fark. Yakın eşleşme; işletmeci koordinatı değil.","https://dailymetro.live/istanbul/station/halkal"
"ibn_haldun_m11","M11 Metro","İbn Haldun Üniversitesi M11","41.13965","28.79385","https://www.metro.istanbul/Hatlarimiz/HatDetay?hat=M11","https://www.openstreetmap.org/?mlat=41.13965&mlon=28.79385#map=18/41.13965/28.79385","CROSS_CHECKED_NONOFFICIAL_SOURCE_MATCH","DailyMetro koordinatı 41.13965, 28.79385 ile mevcut değer aynı. Koordinat eşleşmesi doğrulandı; resmî/işletmeci kaynağı ayrıca bulunursa kaynak seviyesi yükseltilebilir.","https://dailymetro.live/istanbul/station/ibn-haldun-universitesi"
"arnavutkoy_hastane","M11 Metro","Arnavutköy Hastane M11","41.17929","28.74774","https://www.metro.istanbul/Hatlarimiz/HatDetay?hat=M11","https://www.openstreetmap.org/?mlat=41.17929&mlon=28.74774#map=18/41.17929/28.74774","CROSS_CHECKED_NONOFFICIAL_SOURCE_MATCH","DailyMetro 41.17929, 28.74774 mevcut değerle aynı; Mapcarta istasyon kaydı da yaklaşık 41.1791, 28.74768 veriyor. İki harita/katalog kaynağıyla eşleşme; resmî koordinat teyidi bekliyor.","https://dailymetro.live/istanbul/station/arnavutkoy-hastane"
